{"cameraMode":{"drawMode":0,"name":"Shaded","section":"Shading Mode"},"sceneLighting":false,"audioPlay":false,"sceneViewState":{"showFog":true,"showMaterialUpdate":false,"showSkybox":false,"showFlares":true,"showImageEffects":true,"showParticleSystems":true,"showVisualEffectGraphs":true,"m_FxEnabled":true},"in2DMode":false,"pivot":{"x":0.002863392001017928,"y":0.0012819829862564803,"z":0.0017391389701515437},"rotation":{"x":0.15601874887943269,"y":-0.4506826102733612,"z":0.08033297210931778,"w":0.8752720355987549},"size":0.000018459890270605683,"orthographic":true}